id,zipcode,price,median_price,lat,long,grade,view,waterfront,road,house_number,city,county,state
3352402236,98178,252500.0,279000.0,47.498,-122.263,7,0,0,Beacon Avenue South,11708,Seattle,King County,Washington
185000118,98178,212000.0,279000.0,47.495,-122.266,6,0,0,56th Place South,12028,Seattle,King County,Washington
8068000585,98178,235000.0,279000.0,47.5071,-122.265,7,0,0,55th Avenue South,10425,Seattle,King County,Washington
7129300420,98178,258000.0,279000.0,47.5111,-122.256,6,0,0,62nd Avenue South,10017,Seattle,King County,Washington
1180008315,98178,212000.0,279000.0,47.492,-122.224,6,0,0,South 124th Street,8536,Seattle,King County,Washington
4058801065,98178,272000.0,279000.0,47.5031,-122.242,7,0,0,Woodley Avenue South,11128,Seattle,King County,Washington
4279900140,98178,251000.0,279000.0,47.5008,-122.257,7,0,0,61st Avenue South,11410,Seattle,King County,Washington
3348401622,98178,223000.0,279000.0,47.5003,-122.269,6,0,0,South Augusta Street,5130,Seattle,King County,Washington
4060000290,98178,253000.0,279000.0,47.5002,-122.247,6,0,0,70th Place South,11457,Seattle,King County,Washington
2144800146,98178,257500.0,279000.0,47.4865,-122.238,7,0,0,76th Avenue South,13010,Seattle,King County,Washington
2126049032,98125,375000.0,425000.0,47.7231,-122.301,6,0,0,Northeast 130th Street,2520,Seattle,King County,Washington
4427100105,98125,398000.0,425000.0,47.7272,-122.311,7,0,0,16th Avenue Northeast,13519,Seattle,King County,Washington
9324800110,98125,420000.0,425000.0,47.7336,-122.29,6,0,0,36th Avenue Northeast,14357,Seattle,King County,Washington
1454100056,98125,355000.0,425000.0,47.7232,-122.289,6,0,0,Northeast 130th Street,3542,Seattle,King County,Washington
4427100025,98125,270000.0,425000.0,47.7276,-122.312,7,0,0,15th Place Northeast,13539,Seattle,King County,Washington
6381500065,98125,376500.0,425000.0,47.7326,-122.307,7,0,0,20th Avenue Northeast,14316,Seattle,King County,Washington
6413100311,98125,390000.0,425000.0,47.7143,-122.32,7,0,0,Northeast 117th Street,808,Seattle,King County,Washington
6414100133,98125,337000.0,425000.0,47.7207,-122.32,7,0,0,Roosevelt Way Northeast,12551,Seattle,King County,Washington
6413600285,98125,402000.0,425000.0,47.7192,-122.32,7,0,0,Northeast 125th Street,819,Seattle,King County,Washington
8822900115,98125,306000.0,425000.0,47.7175,-122.292,7,0,0,Northeast 123rd Street,3316,Seattle,King County,Washington
5667100025,98125,405000.0,425000.0,47.72,-122.318,7,0,0,Northeast 126th Street,1003,Seattle,King County,Washington
3649100320,98028,330000.0,445500.0,47.7405,-122.241,7,0,0,75th Avenue Northeast,15415,NA,King County,Washington
8718500075,98028,396000.0,445500.0,47.7403,-122.256,7,0,0,64th Avenue Northeast,15406,NA,King County,Washington
3818700016,98028,434000.0,445500.0,47.7647,-122.263,7,0,0,Northeast 188th Place,6133,NA,King County,Washington
5631500905,98028,272925.0,445500.0,47.7477,-122.232,6,0,0,Northeast 165th Street,8183,NA,King County,Washington
114100297,98028,400000.0,445500.0,47.7769,-122.25,7,0,0,Northeast 204th Street,6801,NA,King County,Washington
6181700250,98028,350000.0,445500.0,47.7598,-122.255,6,1,0,Northeast 181st Street,6440,NA,King County,Washington
3013301525,98136,453500.0,489950.0,47.5286,-122.383,7,1,0,Southwest Thistle Street,4000,Seattle,King County,Washington
2594200375,98136,427500.0,489950.0,47.5142,-122.389,7,0,0,44th Avenue Southwest,9855,Seattle,King County,Washington
7104100050,98136,485000.0,489950.0,47.5499,-122.394,7,0,0,48th Avenue Southwest,5909,Seattle,King County,Washington
312000295,98136,400000.0,489950.0,47.5569,-122.394,7,0,0,48th Avenue Southwest,5021,Seattle,King County,Washington
1090000075,98136,393000.0,489950.0,47.5319,-122.391,6,0,0,Southwest Kenyon Place,4437,Seattle,King County,Washington
7504180070,98074,577000.0,643250.0,47.619,-122.054,7,0,0,Northeast 10th Place,21412,NA,King County,Washington
3575301550,98074,560000.0,643250.0,47.6175,-122.065,7,0,0,206th Place Northeast,1200,NA,King County,Washington
8653600050,98074,572000.0,643250.0,47.6144,-122.067,6,4,0,205th Avenue Northeast,469,NA,King County,Washington
3575302880,98074,339300.0,643250.0,47.6205,-122.063,7,0,0,Northeast Inglewood Hill Road,20798,NA,King County,Washington
8562901010,98074,505000.0,643250.0,47.6082,-122.057,8,0,0,211th Place Southeast,124,NA,King County,Washington
203900610,98053,339000.0,635000.0,47.6384,-121.969,7,0,0,Northeast Ames Lake Road,27748,NA,King County,Washington
2821049082,98003,225000.0,267475.0,47.2791,-122.3,7,0,0,South 360th Street,2606,NA,King County,Washington
4222310680,98003,240000.0,267475.0,47.3463,-122.308,7,0,0,20th Avenue South,28403,NA,King County,Washington
3584000180,98003,253400.0,267475.0,47.3182,-122.319,7,0,0,South 316th Street,1033,NA,King County,Washington
1697000370,98198,234000.0,265000.0,47.3731,-122.312,7,0,0,16th Place South,25422,NA,King County,Washington
6052401215,98198,255000.0,265000.0,47.4039,-122.323,6,2,0,8th Avenue South,22018,NA,King County,Washington
84000335,98146,225000.0,309500.0,47.4851,-122.338,6,0,0,Southwest 132nd Street,228,NA,King County,Washington
123039424,98146,303000.0,309500.0,47.5073,-122.372,6,0,0,31st Avenue Southwest,10630,Seattle,King County,Washington
6303400520,98146,265000.0,309500.0,47.5073,-122.36,6,0,0,21st Avenue Southwest,10658,Seattle,King County,Washington
7454001120,98146,285950.0,309500.0,47.5122,-122.374,6,0,0,33rd Avenue Southwest,10119,Seattle,King County,Washington
7889600080,98146,208000.0,309500.0,47.4933,-122.338,5,0,0,3rd Avenue Southwest,12246,NA,King County,Washington
7907600100,98146,287500.0,309500.0,47.5011,-122.336,7,0,0,Southwest 114th Street,155,Seattle,King County,Washington
722079104,98038,314000.0,342000.0,47.4109,-121.958,7,0,0,290th Avenue Southeast,21315,NA,King County,Washington
1545808560,98038,245000.0,342000.0,47.3592,-122.046,7,0,0,Southeast 271st Street,22054,NA,King County,Washington
922069139,98038,260000.0,342000.0,47.407,-122.045,7,0,0,Southeast Bain Road,22201,NA,King County,Washington
1545807990,98038,315000.0,342000.0,47.3583,-122.056,7,0,0,Southeast 271st Place,21309,NA,King County,Washington
1545802850,98038,286000.0,342000.0,47.359,-122.05,7,0,0,Southeast 271st Street,21821,NA,King County,Washington
1545803340,98038,269000.0,342000.0,47.3609,-122.05,7,0,0,Southeast 269th Street,21820,NA,King County,Washington
1545801970,98038,250000.0,342000.0,47.3594,-122.054,7,0,0,216th Avenue Southeast,27022,NA,King County,Washington
4396000180,98038,267500.0,342000.0,47.3991,-121.964,7,0,0,Southeast 226th Street,28515,NA,King County,Washington
1441300130,98038,319000.0,342000.0,47.3714,-122.054,7,0,0,215th Court Southeast,25756,NA,King County,Washington
5111400086,98038,110000.0,342000.0,47.4235,-122.051,6,0,0,Renton Maple Valley Road Southeast,19845,NA,King County,Washington
1545806720,98038,254950.0,342000.0,47.3676,-122.046,7,0,0,221st Place Southeast,26020,NA,King County,Washington
646500070,98007,420000.0,555000.0,47.5941,-122.142,7,0,0,Southeast 18th Place,14819,Bellevue,King County,Washington
4039400410,98007,525000.0,555000.0,47.606,-122.135,7,0,0,Southeast 4th Place,15400,Bellevue,King County,Washington
2207200635,98007,439800.0,555000.0,47.6023,-122.132,7,0,0,Southeast 9th Street,15542,Bellevue,King County,Washington
3188100400,98115,530000.0,567250.0,47.69,-122.304,7,0,0,Northeast 83rd Street,2202,Seattle,King County,Washington
8815400105,98115,500000.0,567250.0,47.6743,-122.285,7,0,0,40th Avenue Northeast,6209,Seattle,King County,Washington
2464400340,98115,381500.0,567250.0,47.6859,-122.322,7,0,0,Northeast 79th Street,519,Seattle,King County,Washington
9547205225,98115,540000.0,567250.0,47.6821,-122.31,7,0,0,17th Avenue Northeast,7331,Seattle,King County,Washington
3908100020,98115,540000.0,567250.0,47.6827,-122.289,7,0,0,35th Avenue Northeast,7340,Seattle,King County,Washington
3692900010,98115,445000.0,567250.0,47.6783,-122.298,6,0,0,27th Avenue Northeast,6822,Seattle,King County,Washington
5282200015,98115,525000.0,567250.0,47.6845,-122.313,7,0,0,14th Avenue Northeast,7550,Seattle,King County,Washington
2979800845,98115,501000.0,567250.0,47.6846,-122.317,7,0,0,Roosevelt Way Northeast,7550,Seattle,King County,Washington
3735901600,98115,435000.0,567250.0,47.687,-122.32,7,0,0,Northeast 80th Street,802,Seattle,King County,Washington
5101402435,98115,312000.0,567250.0,47.6942,-122.304,7,0,0,Ravenna Avenue Northeast,9014,Seattle,King County,Washington
5101402435,98115,539000.0,567250.0,47.6942,-122.304,7,0,0,Ravenna Avenue Northeast,9014,Seattle,King County,Washington
9222400565,98115,474000.0,567250.0,47.6741,-122.323,7,0,0,5th Avenue Northeast,6058,Seattle,King County,Washington
6884800262,98115,535000.0,567250.0,47.6873,-122.314,8,0,0,Brooklyn Avenue Northeast,8018,Seattle,King County,Washington
1566100450,98115,505000.0,567250.0,47.6978,-122.297,7,0,0,Northeast 95th Street,2738,Seattle,King County,Washington
2887701251,98115,392800.0,567250.0,47.688,-122.308,6,0,0,19th Avenue Northeast,8045,Seattle,King County,Washington
8024201210,98115,550000.0,567250.0,47.6988,-122.313,7,0,0,Northeast 96th Street,1242,Seattle,King County,Washington
9221400600,98115,462000.0,567250.0,47.674,-122.319,7,0,0,Northeast 63rd Street,825,Seattle,King County,Washington
2767600171,98107,440000.0,529950.0,47.6757,-122.385,5,0,0,22nd Avenue Northwest,6411,Seattle,King County,Washington
2768301490,98107,402000.0,529950.0,47.6655,-122.371,6,0,0,Northwest 50th Street,1100,Seattle,King County,Washington
2516000475,98107,455000.0,529950.0,47.6585,-122.363,6,0,0,5th Avenue Northwest,4223,Seattle,King County,Washington
2516000486,98107,402500.0,529950.0,47.6588,-122.362,6,0,0,4th Avenue Northwest,4235,Seattle,King County,Washington
2768100040,98107,515000.0,529950.0,47.6699,-122.369,7,0,0,9th Avenue Northwest,5609,Seattle,King County,Washington
1175001135,98107,424000.0,529950.0,47.6712,-122.393,7,0,0,28th Avenue Northwest,5807,Seattle,King County,Washington
2769602710,98107,517950.0,529950.0,47.6752,-122.361,7,0,0,3rd Avenue Northwest,6233,Seattle,King County,Washington
5347200160,98126,235000.0,396587.5,47.5188,-122.376,7,0,0,34th Avenue Southwest,9413,Seattle,King County,Washington
7454000030,98126,250000.0,396587.5,47.5172,-122.375,6,0,0,Southwest Roxbury Street,3229,Seattle,King County,Washington
1781500435,98126,260000.0,396587.5,47.5256,-122.38,7,0,0,Southwest Donovan Street,3710,Seattle,King County,Washington
9842300485,98126,380000.0,396587.5,47.5285,-122.378,7,0,0,Southwest Thistle Street,3526,Seattle,King County,Washington
2492200956,98126,360000.0,396587.5,47.5338,-122.381,6,0,0,Southwest Holden Street,3804,Seattle,King County,Washington
2695600195,98126,379500.0,396587.5,47.5314,-122.378,7,0,0,Southwest Monroe Street,3528,Seattle,King County,Washington
7454000605,98126,279000.0,396587.5,47.5161,-122.374,6,0,0,33rd Avenue Southwest,9716,Seattle,King County,Washington
7452500285,98126,280000.0,396587.5,47.5195,-122.374,6,0,0,32nd Avenue Southwest,9308,Seattle,King County,Washington
7452500770,98126,267500.0,396587.5,47.5201,-122.372,6,0,0,31st Avenue Southwest,9236,Seattle,King County,Washington
4364200015,98126,335000.0,396587.5,47.5318,-122.374,6,0,0,32nd Avenue Southwest,7903,Seattle,King County,Washington
7454000990,98126,304950.0,396587.5,47.5151,-122.372,6,0,0,31st Avenue Southwest,9817,Seattle,King County,Washington
7454000875,98126,299000.0,396587.5,47.5151,-122.372,6,0,0,31st Avenue Southwest,9817,Seattle,King County,Washington
8122100905,98126,395000.0,396587.5,47.5359,-122.372,6,0,0,31st Avenue Southwest,7350,Seattle,King County,Washington
2130700860,98019,375000.0,402750.0,47.7403,-121.984,6,0,0,Northeast Stephens Street,26556,NA,King County,Washington
2129700142,98019,201000.0,402750.0,47.7242,-121.951,5,0,0,Batten Road Northeast,14043,NA,King County,Washington
3363900111,98103,437500.0,550000.0,47.68,-122.353,7,2,0,Dayton Avenue North,7011,Seattle,King County,Washington
3362900696,98103,415000.0,550000.0,47.6838,-122.352,7,0,0,North 76th Street,509,Seattle,King County,Washington
3797000300,98103,405000.0,550000.0,47.6868,-122.349,7,0,0,North 80th Street,719,Seattle,King County,Washington
3362400615,98103,400000.0,550000.0,47.682,-122.348,6,0,0,North 73rd Street,742,Seattle,King County,Washington
6430500010,98103,547000.0,550000.0,47.6872,-122.35,7,0,0,Fremont Avenue North,8007,Seattle,King County,Washington
3797000680,98103,549000.0,550000.0,47.6857,-122.349,7,0,0,North 78th Street,720,Seattle,King County,Washington
3363400655,98103,549000.0,550000.0,47.6809,-122.351,7,0,0,North 72nd Street,535,Seattle,King County,Washington
1931300425,98103,539000.0,550000.0,47.6543,-122.347,7,0,0,Aurora Avenue North,3908,Seattle,King County,Washington
6046400755,98103,475000.0,550000.0,47.6915,-122.345,7,0,0,Aurora Avenue North,8601,Seattle,King County,Washington
1172000150,98103,238000.0,550000.0,47.6946,-122.357,5,0,0,Palatine Avenue North,9013,Seattle,King County,Washington
6813600365,98103,527950.0,550000.0,47.6889,-122.33,7,0,0,Sunnyside Avenue North,8203,Seattle,King County,Washington
3797000330,98103,471001.0,550000.0,47.6867,-122.349,7,0,0,North 80th Street,719,Seattle,King County,Washington
8021701115,98103,549000.0,550000.0,47.6913,-122.333,7,0,0,North 86th Street,2116,Seattle,King County,Washington
9266701085,98103,409950.0,550000.0,47.6926,-122.346,6,0,0,North 88th Street,929,Seattle,King County,Washington
9266700256,98103,470000.0,550000.0,47.6939,-122.348,7,0,0,North 90th Street,743,Seattle,King County,Washington
3797000035,98103,430000.0,550000.0,47.6867,-122.345,6,0,0,North 80th Street,949,Seattle,King County,Washington
6431500122,98103,520000.0,550000.0,47.6931,-122.352,7,0,0,Dayton Avenue North,8728,Seattle,King County,Washington
1972201161,98103,435000.0,550000.0,47.654,-122.35,6,0,0,Fremont Way North,NA,Seattle,King County,Washington
1997200245,98103,540000.0,550000.0,47.6928,-122.339,7,0,0,Ashworth Avenue North,8818,Seattle,King County,Washington
1202000200,98002,233000.0,235000.0,47.3048,-122.218,6,0,0,I Street Southeast,316,NA,King County,Washington
1450100070,98002,208000.0,235000.0,47.2898,-122.221,6,0,0,21st Street Southeast,604,NA,King County,Washington
3021059155,98002,161500.0,235000.0,47.2811,-122.214,7,0,0,M Street Southeast,3019,NA,King County,Washington
7116000425,98002,150000.0,235000.0,47.303,-122.217,5,0,0,5th Street Southeast,910,NA,King County,Washington
3339900640,98002,200000.0,235000.0,47.3184,-122.22,7,0,0,12th Street Northeast,804,NA,King County,Washington
1921059235,98002,215000.0,235000.0,47.2898,-122.222,6,0,0,21st Street Southeast,506,NA,King County,Washington
7116500125,98002,189000.0,235000.0,47.3025,-122.224,5,0,0,D Street Southeast,508,NA,King County,Washington
8581400450,98002,159995.0,235000.0,47.297,-122.225,5,0,0,12th Street Southeast,242,NA,King County,Washington
1450100420,98002,205000.0,235000.0,47.2891,-122.221,6,0,0,Cedar Drive Southeast,604,NA,King County,Washington
6131600255,98002,202500.0,235000.0,47.323,-122.216,6,0,0,17th Street Northeast,1031,NA,King County,Washington
9150100020,98002,189000.0,235000.0,47.3006,-122.223,6,0,0,8th Street Southeast,414,NA,King County,Washington
7335400020,98002,219500.0,235000.0,47.3066,-122.217,5,0,0,J Street Southeast,112,NA,King County,Washington
8581400015,98002,189900.0,235000.0,47.297,-122.227,5,0,0,B Street Southeast,1305,NA,King County,Washington
9499200220,98002,234000.0,235000.0,47.3089,-122.213,6,0,0,M Street Northeast,28,NA,King County,Washington
7335400065,98002,229950.0,235000.0,47.307,-122.217,6,0,0,1st Street Southeast,1003,NA,King County,Washington
1755700060,98133,371500.0,375000.0,47.7458,-122.331,7,0,0,North 161st Street,2362,NA,King County,Washington
2231500030,98133,315000.0,375000.0,47.7711,-122.341,7,0,0,North 196th Street,1301,NA,King County,Washington
726049184,98133,294000.0,375000.0,47.7512,-122.34,6,0,0,Ashworth Avenue North,16720,NA,King County,Washington
396100025,98133,339999.0,375000.0,47.7461,-122.332,6,0,0,North 161st Place,2316,NA,King County,Washington
6671900130,98133,370000.0,375000.0,47.74,-122.343,7,0,0,Stone Avenue North,15321,NA,King County,Washington
414100630,98133,335000.0,375000.0,47.7479,-122.343,7,0,0,Midvale Avenue North,16371,NA,King County,Washington
2231800020,98133,366000.0,375000.0,47.7685,-122.332,7,0,0,North 192nd Street,2310,NA,King County,Washington
626049091,98133,275500.0,375000.0,47.7641,-122.341,6,0,0,Ashworth Avenue North,18613,NA,King County,Washington
7276100145,98133,344950.0,375000.0,47.7619,-122.343,6,0,0,Stone Avenue North,18316,NA,King County,Washington
3293700496,98133,270000.0,375000.0,47.7481,-122.355,7,0,0,North Greenwood Drive,350,NA,King County,Washington
3705900124,98133,302000.0,375000.0,47.7617,-122.335,7,0,0,Meridian Avenue North,18313,NA,King County,Washington
415100085,98133,350000.0,375000.0,47.7451,-122.339,6,0,0,Densmore Avenue North,15913,NA,King County,Washington
1397300120,98133,364500.0,375000.0,47.7508,-122.352,7,0,0,North 167th Street,645,NA,King County,Washington
6671900095,98133,313000.0,375000.0,47.7412,-122.343,7,0,0,Stone Avenue North,15345,NA,King County,Washington
6885900415,98133,290000.0,375000.0,47.7427,-122.34,7,0,0,Ashworth Avenue North,15647,NA,King County,Washington
1074100110,98133,355300.0,375000.0,47.7708,-122.335,7,0,0,Meridian Avenue North,NA,NA,King County,Washington
191100045,98040,940000.0,993750.0,47.5639,-122.217,9,0,0,Southeast 46th Street,9140,NA,King County,Washington
5458800125,98040,925000.0,993750.0,47.5786,-122.236,8,0,0,77th Avenue Southeast,3584,NA,King County,Washington
5450900140,98040,830000.0,993750.0,47.5562,-122.22,9,0,0,90th Avenue Southeast,5235,NA,King County,Washington
3626500045,98040,760000.0,993750.0,47.571,-122.227,7,0,0,Island Crest Way,4201,NA,King County,Washington
5315100806,98040,940000.0,993750.0,47.5833,-122.242,9,0,0,NA,NA,NA,King County,Washington
5021900160,98040,711000.0,993750.0,47.5768,-122.222,6,0,0,88th Avenue Southeast,3710,NA,King County,Washington
5451210100,98040,938000.0,993750.0,47.5351,-122.223,8,0,0,86th Avenue Southeast,7509,NA,King County,Washington
5021900779,98040,785000.0,993750.0,47.5753,-122.224,7,0,0,86th Avenue Southeast,3955,NA,King County,Washington
1483300430,98040,554000.0,993750.0,47.588,-122.251,7,0,0,62nd Avenue Southeast,2557,NA,King County,Washington
5021900175,98040,500000.0,993750.0,47.5763,-122.222,6,0,0,88th Avenue Southeast,3812,NA,King County,Washington
1824059079,98040,880000.0,993750.0,47.5705,-122.225,8,0,0,85th Avenue Southeast,4254,NA,King County,Washington
2174503441,98040,650000.0,993750.0,47.5866,-122.25,7,0,0,63rd Avenue Southeast,2727,NA,King County,Washington
5459000240,98040,785000.0,993750.0,47.5754,-122.233,8,0,0,79th Avenue Southeast,3920,NA,King County,Washington
6672900220,98040,984000.0,993750.0,47.5528,-122.221,9,0,0,Southeast 56th Street,8800,NA,King County,Washington
5460900120,98040,989900.0,993750.0,47.5749,-122.213,8,0,0,96th Avenue Southeast,3986,NA,King County,Washington
5459000305,98040,648752.0,993750.0,47.5767,-122.233,8,0,0,79th Avenue Southeast,3776,NA,King County,Washington
2599001200,98092,305000.0,309780.0,47.2909,-122.189,7,0,0,Fir Street Southeast,2020,NA,King County,Washington
7749500160,98092,220000.0,309780.0,47.2966,-122.19,7,0,0,Scenic Drive,2924,NA,King County,Washington
3977630270,98092,206990.0,309780.0,47.3174,-122.127,6,0,0,161st Place Southeast,31705,NA,King County,Washington
3521059042,98092,255500.0,309780.0,47.2716,-122.144,5,2,0,Southeast 368th Place,14812,NA,King County,Washington
3903200050,98092,263950.0,309780.0,47.2874,-122.187,7,0,0,Hemlock Street Southeast,2320,NA,King County,Washington
3977630130,98092,146300.0,309780.0,47.3156,-122.128,6,0,0,160th Place Southeast,31914,NA,King County,Washington
7524600120,98092,250000.0,309780.0,47.3197,-122.117,7,0,0,168th Way Southeast,31314,NA,King County,Washington
1922059010,98030,140000.0,282255.0,47.3857,-122.215,6,0,0,South 241st Street,9409,NA,King County,Washington
1922059401,98030,275000.0,282255.0,47.3834,-122.215,5,0,0,94th Avenue South,24322,NA,King County,Washington
7011201470,98119,625000.0,749950.0,47.6364,-122.371,8,0,0,11th Avenue West,1910,Seattle,King County,Washington
2652500070,98119,636000.0,749950.0,47.6423,-122.361,7,0,0,3rd Avenue West,2561,Seattle,King County,Washington
6819100150,98119,677915.0,749950.0,47.6448,-122.358,7,0,0,1st Avenue West,2718,Seattle,King County,Washington
4232903265,98119,614950.0,749950.0,47.6333,-122.362,7,0,0,West Garfield Street,321,Seattle,King County,Washington
3303700376,98112,667000.0,917500.0,47.6221,-122.314,8,0,0,East Harrison Street,1414,Seattle,King County,Washington
8712100575,98112,915000.0,917500.0,47.6364,-122.3,9,0,0,26th Avenue East,1915,Seattle,King County,Washington
5016002180,98112,780000.0,917500.0,47.6233,-122.3,8,0,0,25th Avenue East,419,Seattle,King County,Washington
1337800855,98112,885000.0,917500.0,47.6308,-122.312,7,0,0,East Highland Drive,1510,Seattle,King County,Washington
9828700900,98112,549000.0,917500.0,47.6205,-122.294,7,0,0,East John Street,2918,Seattle,King County,Washington
6788201015,98112,690000.0,917500.0,47.6408,-122.3,7,0,0,East Calhoun Street,2505,Seattle,King County,Washington
6788200360,98112,727000.0,917500.0,47.6412,-122.302,8,0,0,24th Avenue East,2456,Seattle,King County,Washington
8805900570,98112,808000.0,917500.0,47.6419,-122.306,8,0,0,East Miller Street,1924,Seattle,King County,Washington
8712100720,98112,785000.0,917500.0,47.6378,-122.301,7,0,0,24th Avenue East,1888,Seattle,King County,Washington
9828700235,98112,669000.0,917500.0,47.6204,-122.292,7,0,0,31st Avenue East,206,Seattle,King County,Washington
7955040160,98052,495000.0,615000.0,47.6644,-122.144,7,0,0,Northeast 65th Street,14699,NA,King County,Washington
8045000340,98052,565000.0,615000.0,47.6688,-122.161,7,0,0,Northeast 75th Street,NA,NA,King County,Washington
9512501370,98052,544300.0,615000.0,47.6707,-122.149,7,0,0,143rd Avenue Northeast,7319,NA,King County,Washington
1842300050,98052,600000.0,615000.0,47.6696,-122.149,7,0,0,143rd Avenue Northeast,14233,NA,King County,Washington
339600190,98052,420000.0,615000.0,47.6826,-122.096,7,0,0,Northeast 91st Street,9105,NA,King County,Washington
623069068,98027,425000.0,570500.0,47.5081,-122.093,8,3,0,185th Avenue Southeast,NA,NA,King County,Washington
5710600030,98027,500000.0,570500.0,47.5328,-122.051,8,0,0,West Sunset Way,918,NA,King County,Washington
2354300740,98027,551000.0,570500.0,47.5286,-122.032,7,0,0,Southeast Bush Street,276,NA,King County,Washington
3424069145,98027,343000.0,570500.0,47.5271,-122.036,5,0,0,1st Avenue Southeast,335,NA,King County,Washington
5279100675,98027,313000.0,570500.0,47.5321,-122.029,6,0,0,Northeast Birch Street,468,NA,King County,Washington
2623069031,98027,542500.0,570500.0,47.4564,-122.004,8,0,0,252nd Avenue Southeast,16206,NA,King County,Washington
2523069146,98027,349900.0,570500.0,47.4511,-121.976,7,0,0,Tiger Mountain Road Southeast,16729,NA,King County,Washington
3388300730,98027,550388.0,570500.0,47.4936,-122.069,7,2,0,206th Place Southeast,12021,NA,King County,Washington
1823069155,98027,525888.0,570500.0,47.4845,-122.08,7,0,0,195th Place Southeast,13129,NA,King County,Washington
5706200370,98027,550000.0,570500.0,47.5246,-122.044,7,0,0,Mountain Park Boulevard Southwest,502,NA,King County,Washington
5561000430,98027,470000.0,570500.0,47.4612,-121.992,8,0,0,Southeast 158th Street,26044,NA,King County,Washington
5561401530,98027,550000.0,570500.0,47.4718,-122.009,9,0,0,Southeast 146th Street,24809,NA,King County,Washington
3424069066,98027,396450.0,570500.0,47.5172,-122.027,8,0,0,Lewis Lane Southeast,530,NA,King County,Washington
1254200075,98117,460000.0,545000.0,47.6802,-122.388,7,0,0,24th Avenue Northwest,7021,Seattle,King County,Washington
2919702075,98117,532500.0,545000.0,47.6886,-122.361,7,0,0,Northwest 82nd Street,306,Seattle,King County,Washington
7518502490,98117,515000.0,545000.0,47.6801,-122.38,7,0,0,18th Avenue Northwest,7017,Seattle,King County,Washington
9268200600,98117,413500.0,545000.0,47.6959,-122.364,5,0,0,6th Avenue Northwest,9059,Seattle,King County,Washington
9268200315,98117,456000.0,545000.0,47.6964,-122.365,7,0,0,7th Avenue Northwest,9209,Seattle,King County,Washington
7518505070,98117,402000.0,545000.0,47.6769,-122.383,7,0,0,21st Avenue Northwest,6530,Seattle,King County,Washington
2028701165,98117,430000.0,545000.0,47.6764,-122.366,7,0,0,8th Avenue Northwest,NA,Seattle,King County,Washington
3501600135,98117,437500.0,545000.0,47.6933,-122.361,6,0,0,Northwest 89th Street,309,Seattle,King County,Washington
4443800960,98117,520000.0,545000.0,47.6871,-122.391,7,0,0,27th Avenue Northwest,8009,Seattle,King County,Washington
2880100240,98117,439950.0,545000.0,47.6789,-122.365,7,0,0,7th Avenue Northwest,6739,Seattle,King County,Washington
7518503685,98117,402000.0,545000.0,47.6765,-122.381,7,0,0,19th Avenue Northwest,NA,Seattle,King County,Washington
1862400087,98117,475000.0,545000.0,47.6966,-122.375,6,0,0,Mary Avenue Northwest,9214,Seattle,King County,Washington
7518507330,98117,535610.0,545000.0,47.6765,-122.386,7,0,0,Jones Avenue Northwest,6520,Seattle,King County,Washington
2872100385,98117,460000.0,545000.0,47.6826,-122.394,6,0,0,Northwest 74th Street,2822,Seattle,King County,Washington
2356800020,98117,416000.0,545000.0,47.6914,-122.372,6,0,0,13th Avenue Northwest,8528,Seattle,King County,Washington
2922701085,98117,543000.0,545000.0,47.6887,-122.368,7,0,0,9th Avenue Northwest,8060,Seattle,King County,Washington
4449800063,98117,435000.0,545000.0,47.6892,-122.393,7,0,0,28th Avenue Northwest,8310,Seattle,King County,Washington
4443800940,98117,485000.0,545000.0,47.687,-122.391,7,0,0,27th Avenue Northwest,8005,Seattle,King County,Washington
1432400335,98058,288000.0,335000.0,47.452,-122.177,6,0,0,123rd Avenue Southeast,16812,NA,King County,Washington
2473400340,98058,320000.0,335000.0,47.4525,-122.162,7,0,0,133rd Place Southeast,16710,NA,King County,Washington
1431700370,98058,290000.0,335000.0,47.4599,-122.172,7,0,0,Southeast 160th Street,12611,NA,King County,Washington
5112800421,98058,225500.0,335000.0,47.4517,-122.082,6,0,0,Southeast 168th Street,19403,NA,King County,Washington
2473400570,98058,317000.0,335000.0,47.4528,-122.163,7,0,0,133rd Place Southeast,16703,NA,King County,Washington
2473250850,98058,318500.0,335000.0,47.4562,-122.158,7,0,0,Southeast Fairwood Boulevard,13616,NA,King County,Washington
2817800100,98058,328950.0,335000.0,47.4286,-122.179,7,0,0,121st Place Southeast,19254,NA,King County,Washington
1423600300,98058,249950.0,335000.0,47.4553,-122.174,7,0,0,126th Avenue Southeast,16512,NA,King County,Washington
1432400525,98058,195000.0,335000.0,47.4518,-122.179,6,0,0,121st Avenue Southeast,16820,NA,King County,Washington
1432900150,98058,320000.0,335000.0,47.4567,-122.171,7,0,0,Southeast 164th Street,12762,NA,King County,Washington
5126400150,98058,239950.0,335000.0,47.4768,-122.177,6,0,0,Southeast 6th Street,3108,NA,King County,Washington
8856890330,98058,300000.0,335000.0,47.463,-122.125,8,0,0,Southeast 156th Street,16110,NA,King County,Washington
984100340,98058,296000.0,335000.0,47.4351,-122.173,7,0,0,126th Place Southeast,18601,NA,King County,Washington
2473101360,98058,289900.0,335000.0,47.4492,-122.157,7,0,0,Southeast 171st Place,13634,NA,King County,Washington
1432900310,98058,320000.0,335000.0,47.4579,-122.17,7,0,0,128th Avenue Southeast,16134,NA,King County,Washington
1432701510,98058,249000.0,335000.0,47.45,-122.175,6,0,0,125th Avenue Southeast,16882,NA,King County,Washington
7229100040,98058,300000.0,335000.0,47.4495,-122.17,7,0,0,128th Avenue Southeast,17021,NA,King County,Washington
5126400230,98058,199000.0,335000.0,47.4763,-122.177,6,0,0,Southeast 6th Street,3113,NA,King County,Washington
1423700680,98058,190000.0,335000.0,47.4559,-122.183,7,0,0,Southeast 164th Street,11811,NA,King County,Washington
1431700280,98058,310000.0,335000.0,47.4602,-122.171,7,0,0,Southeast 160th Street,12638,NA,King County,Washington
5112800210,98058,255950.0,335000.0,47.4509,-122.088,7,0,0,190th Avenue Southeast,16835,NA,King County,Washington
3353401710,98001,227950.0,260000.0,47.2613,-122.255,7,0,0,5th Avenue Southwest,200,NA,King County,Washington
3353400860,98001,249900.0,260000.0,47.267,-122.25,6,0,0,Milwaukee Boulevard South,117,NA,King County,Washington
303000445,98001,175000.0,260000.0,47.327,-122.267,6,0,0,55th Avenue South,30567,NA,King County,Washington
3750605349,98001,210500.0,260000.0,47.2622,-122.282,7,0,0,42nd Avenue South,37820,NA,King County,Washington
1311000600,98001,250000.0,260000.0,47.3426,-122.285,7,0,0,39th Avenue South,28821,NA,King County,Washington
321049090,98001,254000.0,260000.0,47.3424,-122.289,7,0,0,34th Avenue South,28830,NA,King County,Washington
4463400195,98001,170000.0,260000.0,47.3096,-122.241,6,0,0,Clay Street Northwest,201,NA,King County,Washington
3750603940,98001,240000.0,260000.0,47.2633,-122.281,7,0,0,43rd Avenue South,37637,NA,King County,Washington
7905400160,98001,246900.0,260000.0,47.3068,-122.27,7,0,0,South 329th Place,5120,NA,King County,Washington
1311000270,98001,247000.0,260000.0,47.3398,-122.286,7,0,0,South 292nd Place,3653,NA,King County,Washington
321049193,98001,215000.0,260000.0,47.3413,-122.29,7,0,0,South 290th Street,3385,NA,King County,Washington
3353401340,98001,199900.0,260000.0,47.2664,-122.256,6,0,0,2nd Avenue Southwest,221,NA,King County,Washington
3205000310,98056,345000.0,380000.0,47.5407,-122.177,7,0,0,Southeast 70th Street,12166,NA,King County,Washington
1066600045,98056,350000.0,380000.0,47.5233,-122.185,7,0,0,Southeast 89th Street,11614,NA,King County,Washington
428000055,98056,322500.0,380000.0,47.5121,-122.17,7,0,0,Queen Avenue Northeast,2303,NA,King County,Washington
418000310,98056,155000.0,380000.0,47.4924,-122.175,6,0,0,Monroe Avenue Northeast,NA,NA,King County,Washington
9476700135,98056,300000.0,380000.0,47.4883,-122.191,6,2,0,Bronson Way Northeast,359,NA,King County,Washington
3276180140,98056,365000.0,380000.0,47.5087,-122.193,7,0,0,Monterey Avenue Northeast,1811,NA,King County,Washington
3343903640,98056,249000.0,380000.0,47.5133,-122.196,6,0,0,Northeast 24th Street,1706,NA,King County,Washington
8805400090,98056,289000.0,380000.0,47.494,-122.165,6,0,0,Northeast 6th Court,4018,NA,King County,Washington
7227501745,98056,368000.0,380000.0,47.4937,-122.184,6,0,0,Ferndale Place Northeast,649,NA,King County,Washington
7227501450,98056,240000.0,380000.0,47.4946,-122.187,5,0,0,Dayton Avenue Northeast,687,NA,King County,Washington
7227500020,98056,259950.0,380000.0,47.4958,-122.191,5,0,0,Northeast 7th Street,2102,NA,King County,Washington
422000010,98056,299950.0,380000.0,47.4964,-122.168,7,0,0,Northeast 8th Court,3812,NA,King County,Washington
421000185,98056,200000.0,380000.0,47.4953,-122.169,5,0,0,Redmond Avenue Northeast,751,NA,King County,Washington
9476200545,98056,270000.0,380000.0,47.4919,-122.187,6,0,0,Windsor Place NE,582,NA,King County,Washington
7789000080,98056,253905.0,380000.0,47.5112,-122.167,7,0,0,Northeast 22nd Street,3908,NA,King County,Washington
7227502155,98056,208000.0,380000.0,47.4915,-122.184,5,0,0,Northeast 5th Place,2604,NA,King County,Washington
3268000040,98056,339900.0,380000.0,47.5234,-122.177,7,0,0,Southeast May Creek Park Drive,12234,NA,King County,Washington
424500100,98056,189900.0,380000.0,47.4959,-122.172,6,0,0,Northeast 8th Street,3507,NA,King County,Washington
428000150,98056,269950.0,380000.0,47.5104,-122.171,7,0,0,126th Avenue Southeast,10330,NA,King County,Washington
419000015,98056,299950.0,380000.0,47.492,-122.172,6,0,0,Northeast 6th Street,3505,NA,King County,Washington
425200205,98056,165000.0,380000.0,47.4971,-122.168,6,0,0,Northeast 9th Court,3801,NA,King County,Washington
7227500450,98056,222900.0,380000.0,47.4979,-122.183,5,0,0,Glennwood Avenue Northeast,918,NA,King County,Washington
420000085,98056,238000.0,380000.0,47.4927,-122.169,6,0,0,Northeast 6th Place,3713,NA,King County,Washington
2064800600,98056,367500.0,380000.0,47.5351,-122.174,7,0,0,125th Avenue Southeast,7462,NA,King County,Washington
7227501765,98056,265000.0,380000.0,47.494,-122.184,6,0,0,Northeast 7th Street,2609,NA,King County,Washington
425200145,98056,265000.0,380000.0,47.4974,-122.169,7,0,0,Northeast 9th Court,3708,NA,King County,Washington
3343901242,98056,335000.0,380000.0,47.5091,-122.19,7,0,0,Blaine Avenue Northeast,1909,NA,King County,Washington
8074200160,98056,265000.0,380000.0,47.4922,-122.178,7,0,0,Jefferson Avenue Northeast,600,NA,King County,Washington
1061500510,98056,350000.0,380000.0,47.5017,-122.165,7,0,0,Tacoma Avenue Northeast,1108,NA,King County,Washington
7227801580,98056,232000.0,380000.0,47.5072,-122.181,5,0,0,Northeast 16th Street,2821,NA,King County,Washington
418000330,98056,199950.0,380000.0,47.4924,-122.174,5,0,0,Northeast 6th Street,3328,NA,King County,Washington
7788400065,98056,317000.0,380000.0,47.5124,-122.165,7,0,0,Northeast 23rd Place,4013,NA,King County,Washington
3343300644,98056,343000.0,380000.0,47.5454,-122.192,6,0,0,Lake Washington Boulevard Southeast,6420,NA,King County,Washington
7809200035,98056,290000.0,380000.0,47.4972,-122.176,7,0,0,Monroe Avenue Northeast,863,NA,King County,Washington
3343901848,98056,313100.0,380000.0,47.5068,-122.191,6,0,0,Aberdeen Avenue Northeast,1610,NA,King County,Washington
424500035,98056,250000.0,380000.0,47.4959,-122.174,6,0,0,Northeast 8th Street,3323,NA,King County,Washington
3344500183,98056,375000.0,380000.0,47.511,-122.197,6,1,0,Jones Avenue Northeast,2115,NA,King County,Washington
8026200080,98056,372000.0,380000.0,47.5147,-122.193,7,0,0,Monterey Avenue Northeast,2441,NA,King County,Washington
9476200020,98056,254000.0,380000.0,47.4905,-122.191,6,2,0,Grandey Way Northeast,505,NA,King County,Washington
1332700010,98056,305000.0,380000.0,47.5184,-122.196,7,0,0,Kennewick Place Northeast,2956,NA,King County,Washington
3342102385,98056,376000.0,380000.0,47.5215,-122.202,8,0,0,Park Avenue North,3315,NA,King County,Washington
418000415,98056,191000.0,380000.0,47.4927,-122.172,6,0,0,Northeast 6th Place,3507,NA,King County,Washington
421000500,98056,209995.0,380000.0,47.4934,-122.166,5,0,0,Northeast 6th Place,3918,NA,King County,Washington
7227501190,98056,250000.0,380000.0,47.496,-122.189,6,0,0,Northeast 8th Street,2213,NA,King County,Washington
7227500740,98056,217000.0,380000.0,47.496,-122.186,5,0,0,Edmonds Avenue Northeast,803,NA,King County,Washington
9476200650,98056,245000.0,380000.0,47.4915,-122.188,6,0,0,Bronson Place Northeast,561,NA,King County,Washington
9476200580,98056,250000.0,380000.0,47.4914,-122.186,6,0,0,Windsor Place NE,554,NA,King County,Washington
923059206,98056,374000.0,380000.0,47.492,-122.166,7,0,0,Northeast 6th Street,3923,NA,King County,Washington
2968800626,98166,355000.0,390000.0,47.4589,-122.353,6,0,0,14th Avenue Southwest,16023,NA,King County,Washington
243000380,98166,365000.0,390000.0,47.4536,-122.355,7,0,0,16th Avenue Southwest,16620,NA,King County,Washington
1218000025,98166,246000.0,390000.0,47.4625,-122.345,6,0,0,8th Avenue Southwest,15627,NA,King County,Washington
1430800100,98166,356000.0,390000.0,47.4713,-122.355,7,0,0,16th Avenue Southwest,14636,NA,King County,Washington
4338800685,98166,299999.0,390000.0,47.4791,-122.347,6,0,0,10th Avenue Southwest,13730,NA,King County,Washington
1217000270,98166,338995.0,390000.0,47.4557,-122.348,7,0,0,Southwest 164th Street,1017,NA,King County,Washington
1900600040,98166,265000.0,390000.0,47.4692,-122.35,6,0,0,12th Avenue Southwest,14821,NA,King County,Washington
4337600005,98166,153000.0,390000.0,47.4811,-122.339,6,0,0,Southwest 136th Street,325,NA,King County,Washington
2968801240,98166,211000.0,390000.0,47.4565,-122.35,6,0,0,12th Avenue Southwest,16251,NA,King County,Washington
2968801605,98166,285000.0,390000.0,47.4571,-122.345,6,0,0,8th Avenue Southwest,16227,NA,King County,Washington
5029450850,98023,205000.0,268450.0,47.2873,-122.367,7,0,0,Southwest 351st Street,2627,NA,King County,Washington
9202000080,98023,215000.0,268450.0,47.2864,-122.357,7,0,0,Southwest 351st Street,1625,NA,King County,Washington
1099600090,98023,205000.0,268450.0,47.3004,-122.377,7,0,0,Southwest 336th Street,NA,NA,King County,Washington
395800370,98023,246600.0,268450.0,47.3313,-122.343,7,0,0,Southwest 302nd Street,606,NA,King County,Washington
5029450290,98023,230000.0,268450.0,47.29,-122.368,7,0,0,Southwest 347th Place,2639,NA,King County,Washington
8944300010,98023,230000.0,268450.0,47.3054,-122.369,7,0,0,Southwest 332nd Street,2662,NA,King County,Washington
9211500230,98023,263000.0,268450.0,47.2989,-122.38,7,0,0,37th Place Southwest,33741,NA,King County,Washington
2817100570,98070,453000.0,467500.0,47.3714,-122.431,8,3,0,Southwest 259th Place,7815,NA,King County,Washington
8550001515,98070,429592.0,467500.0,47.3551,-122.475,6,4,1,Manzanita Beach Road Southwest,27601,NA,King County,Washington
2551500220,98070,330000.0,467500.0,47.4332,-122.446,6,0,0,88th Place Southwest,NA,NA,King County,Washington
2051200506,98070,390000.0,467500.0,47.365,-122.462,5,0,0,99th Avenue Southwest,26581,NA,King County,Washington
1535204365,98070,428000.0,467500.0,47.4193,-122.444,7,1,0,87th Avenue Southwest,20589,NA,King County,Washington
2436701180,98105,671500.0,675000.0,47.667,-122.289,7,0,0,36th Avenue Northeast,5208,Seattle,King County,Washington
3856905010,98105,565000.0,675000.0,47.6692,-122.325,7,0,0,Northeast 56th Street,309,Seattle,King County,Washington
2436700315,98105,441500.0,675000.0,47.6665,-122.287,7,0,0,38th Avenue Northeast,5057,Seattle,King County,Washington
1928300350,98105,570000.0,675000.0,47.6714,-122.32,7,0,0,NA,NA,Seattle,King County,Washington
6746700565,98105,447000.0,675000.0,47.6684,-122.316,6,0,0,Northeast 55th Street,1103,Seattle,King County,Washington
8827900560,98105,655000.0,675000.0,47.6717,-122.295,7,0,0,30th Avenue Northeast,5744,Seattle,King County,Washington
3589500260,98105,550000.0,675000.0,47.6699,-122.317,7,0,0,Roosevelt Way Northeast,5612,Seattle,King County,Washington
9550202700,98105,460000.0,675000.0,47.6681,-122.324,6,0,0,Northeast 54th Street,334,Seattle,King County,Washington
2436700540,98105,665000.0,675000.0,47.6659,-122.287,7,0,0,38th Avenue Northeast,5033,Seattle,King County,Washington
8813400345,98105,575000.0,675000.0,47.6645,-122.288,7,0,0,37th Avenue Northeast,4828,Seattle,King County,Washington
9550204450,98105,651000.0,675000.0,47.6662,-122.326,7,0,0,Latona Avenue Northeast,5115,Seattle,King County,Washington
1796360350,98042,255000.0,292000.0,47.3663,-122.089,7,0,0,189th Place Southeast,26222,NA,King County,Washington
7942100310,98042,232000.0,292000.0,47.3811,-122.087,7,0,0,190th Place Southeast,24622,NA,King County,Washington
8648200030,98042,260000.0,292000.0,47.363,-122.08,7,0,0,197th Place Southeast,26616,NA,King County,Washington
1865810060,98042,267500.0,292000.0,47.3737,-122.115,7,0,0,Southeast 254th Place,16921,NA,King County,Washington
2916620240,98042,264950.0,292000.0,47.3646,-122.076,7,0,0,199th Place Southeast,26418,NA,King County,Washington
8651441620,98042,210000.0,292000.0,47.364,-122.094,7,0,0,Southeast 265th Street,18621,NA,King County,Washington
8651443480,98042,282000.0,292000.0,47.3659,-122.092,7,0,0,187th Court Southeast,26302,NA,King County,Washington
8651410090,98042,209000.0,292000.0,47.3644,-122.082,6,0,0,Southeast 265th Street,19427,NA,King County,Washington
8651401270,98042,203000.0,292000.0,47.3637,-122.083,6,0,0,Southeast 266th Street,19423,NA,King County,Washington
8651400750,98042,209950.0,292000.0,47.3625,-122.084,6,0,0,Southeast 267th Street,19409,NA,King County,Washington
322059097,98042,269900.0,292000.0,47.4193,-122.149,7,0,0,Southeast 204th Place,14404,NA,King County,Washington
2522059112,98042,248500.0,292000.0,47.3614,-122.119,7,0,0,Southeast 268th Street,16635,NA,King County,Washington
7942200050,98042,261000.0,292000.0,47.3833,-122.093,7,0,0,Southeast 244th Place,18518,NA,King County,Washington
7942100290,98042,199000.0,292000.0,47.3816,-122.087,7,0,0,Southeast Wax Road,19009,NA,King County,Washington
2212900920,98042,215000.0,292000.0,47.3281,-122.135,7,0,0,Southeast 306th Street,15412,NA,King County,Washington
8651430780,98042,178000.0,292000.0,47.3704,-122.08,6,0,0,Southeast 259th Street,19601,NA,King County,Washington
1274500420,98042,234000.0,292000.0,47.3627,-122.108,7,0,0,175th Avenue Southeast,26605,NA,King County,Washington
8651402910,98042,176000.0,292000.0,47.3627,-122.087,6,0,0,Southeast 266th Street,19023,NA,King County,Washington
2618300190,98042,255000.0,292000.0,47.422,-122.153,7,0,0,Southeast 201st Street,14033,NA,King County,Washington
8651410740,98042,189000.0,292000.0,47.3677,-122.078,6,0,0,Southeast 261st Street,19713,NA,King County,Washington
8092700230,98042,249950.0,292000.0,47.3659,-122.113,7,0,0,171st Place Southeast,26344,NA,King County,Washington
8651411460,98042,214000.0,292000.0,47.3683,-122.079,6,0,0,Southeast 261st Street,19520,NA,King County,Washington
2212900180,98042,220000.0,292000.0,47.3266,-122.138,7,0,0,153rd Avenue Southeast,30703,NA,King County,Washington
7942100180,98042,230000.0,292000.0,47.3828,-122.09,7,0,0,Southeast 244th Place,18827,NA,King County,Washington
5469300330,98042,275000.0,292000.0,47.374,-122.141,7,0,0,150th Place Southeast,25411,NA,King County,Washington
8651443360,98042,195700.0,292000.0,47.3638,-122.088,7,0,0,Southeast 265th Street,18903,NA,King County,Washington
6600400270,98042,202000.0,292000.0,47.3244,-122.144,7,0,0,148th Avenue Southeast,30920,NA,King County,Washington
8651411070,98042,180000.0,292000.0,47.3686,-122.081,6,0,0,195th Place Southeast,26113,NA,King County,Washington
1796380060,98042,253000.0,292000.0,47.3658,-122.085,7,0,0,Timberlane Way Southeast,NA,NA,King County,Washington
6600400370,98042,215000.0,292000.0,47.3248,-122.142,7,0,0,Southeast 309th Street,14921,NA,King County,Washington
8651411420,98042,218000.0,292000.0,47.3684,-122.08,6,0,0,Southeast 261st Street,19509,NA,King County,Washington
8651443420,98042,280000.0,292000.0,47.366,-122.093,8,0,0,187th Court Southeast,26313,NA,King County,Washington
8651400730,98042,191000.0,292000.0,47.3607,-122.085,6,0,0,Southeast 269th Street,19212,NA,King County,Washington
2569600150,98042,235000.0,292000.0,47.3604,-122.111,7,0,0,172nd Place Southeast,26860,NA,King County,Washington
8651402700,98042,202950.0,292000.0,47.3613,-122.088,6,0,0,Southeast 269th Street,19018,NA,King County,Washington
8651441210,98042,230000.0,292000.0,47.3651,-122.094,7,0,0,187th Avenue Southeast,26413,NA,King County,Washington
8651430870,98042,177000.0,292000.0,47.3695,-122.081,6,0,0,196th Avenue Southeast,26017,NA,King County,Washington
8651441750,98042,174950.0,292000.0,47.3636,-122.093,6,0,0,NA,NA,NA,King County,Washington
5547500050,98042,255000.0,292000.0,47.3815,-122.09,7,0,0,Southeast 245th Court,18817,NA,King County,Washington
8651402750,98042,132825.0,292000.0,47.3615,-122.087,6,0,0,191st Place Southeast,26739,NA,King County,Washington
8651402750,98042,219950.0,292000.0,47.3615,-122.087,6,0,0,191st Place Southeast,26739,NA,King County,Washington
8651410670,98042,189950.0,292000.0,47.3665,-122.082,6,0,0,195th Place Southeast,26211,NA,King County,Washington
8651410190,98042,179950.0,292000.0,47.3648,-122.081,6,0,0,195th Place Southeast,26420,NA,King County,Washington
8651430220,98042,183000.0,292000.0,47.3702,-122.078,6,0,0,Southeast 259th Street,19628,NA,King County,Washington
8651430210,98042,217000.0,292000.0,47.3701,-122.078,6,0,0,NA,NA,NA,King County,Washington
8651400580,98042,195000.0,292000.0,47.3608,-122.083,6,0,0,194th Avenue Southeast,26812,NA,King County,Washington
8092500720,98042,230000.0,292000.0,47.3675,-122.11,7,0,0,Southeast 261st Street,17217,NA,King County,Washington
3222069156,98042,270000.0,292000.0,47.3437,-122.078,7,0,0,Southeast Covington-Sawyer Road,19808,NA,King County,Washington
621069154,98042,226000.0,292000.0,47.3423,-122.088,7,0,0,Southeast Covington-Sawyer Road,19020,NA,King County,Washington
3298300130,98008,474905.0,545000.0,47.6214,-122.119,6,0,0,NA,NA,Bellevue,King County,Washington
3275750290,98008,480000.0,545000.0,47.6233,-122.108,7,0,0,173rd Avenue Northeast,1515,Bellevue,King County,Washington
3298200320,98008,445000.0,545000.0,47.62,-122.12,6,0,0,165th Place Northeast,1183,Bellevue,King County,Washington
7752000065,98008,537000.0,545000.0,47.6345,-122.123,7,0,0,Northeast 27th Street,16296,Bellevue,King County,Washington
259800680,98008,534000.0,545000.0,47.629,-122.117,7,0,0,Northeast 21st Street,16752,Bellevue,King County,Washington
5231000060,98059,310000.0,435000.0,47.5015,-122.124,6,0,0,162nd Avenue Southeast,11311,NA,King County,Washington
7230200340,98059,305000.0,435000.0,47.475,-122.11,7,0,0,Southeast 142nd Street,17229,NA,King County,Washington
9353300140,98059,284950.0,435000.0,47.4887,-122.133,7,0,0,156th Avenue Southeast,12654,NA,King County,Washington
2787720140,98059,416000.0,435000.0,47.5124,-122.16,7,0,0,Northeast 23rd Court,4434,NA,King County,Washington
3450300270,98059,268000.0,435000.0,47.5008,-122.162,7,0,0,Whitman Court Northeast,1059,NA,King County,Washington
7230300100,98059,320000.0,435000.0,47.4703,-122.112,7,0,0,171st Avenue Southeast,14714,NA,King County,Washington
9353300090,98059,360000.0,435000.0,47.4898,-122.133,7,0,0,156th Avenue Southeast,12612,NA,King County,Washington
3450300020,98059,329000.0,435000.0,47.5009,-122.164,7,0,0,Northeast 11th Street,4104,NA,King County,Washington
2787720170,98059,395000.0,435000.0,47.512,-122.16,7,0,0,Northeast 23rd Court,4431,NA,King County,Washington
5169700022,98059,334950.0,435000.0,47.5089,-122.155,7,0,0,Elma Avenue Northeast,1815,NA,King County,Washington
323059146,98059,343000.0,435000.0,47.5031,-122.152,7,0,0,Hoquiam Avenue Northeast,1201,NA,King County,Washington
2787700150,98059,365000.0,435000.0,47.5067,-122.16,7,0,0,Northeast 17th Street,4417,NA,King County,Washington
3211100240,98059,349000.0,435000.0,47.4801,-122.158,7,0,0,Southeast 4th Street,4524,NA,King County,Washington
2787700060,98059,420000.0,435000.0,47.5067,-122.163,7,0,0,Northeast 17th Street,4209,NA,King County,Washington
1081310060,98059,375000.0,435000.0,47.4721,-122.123,8,0,0,Southeast 145th Place,16135,NA,King County,Washington
323059208,98059,320000.0,435000.0,47.5091,-122.144,6,0,0,Southeast 105th Place,14712,NA,King County,Washington
5095401360,98059,418000.0,435000.0,47.4694,-122.069,8,0,0,204th Avenue Southeast,14826,NA,King County,Washington
2787700180,98059,320000.0,435000.0,47.5066,-122.159,7,0,0,Northeast 17th Street,4505,NA,King County,Washington
7229900145,98059,430000.0,435000.0,47.4821,-122.108,8,0,0,Southeast 134th Street,17355,NA,King County,Washington
3211101010,98059,319500.0,435000.0,47.4807,-122.157,6,0,0,Chelan Avenue Southeast,306,NA,King County,Washington
7230300610,98059,352500.0,435000.0,47.4695,-122.116,7,0,0,169th Avenue Southeast,14727,NA,King County,Washington
7229900285,98059,390000.0,435000.0,47.4837,-122.11,7,0,0,Southeast 133rd Street,17316,NA,King County,Washington
5104200380,98059,265000.0,435000.0,47.4772,-122.144,6,0,0,Southeast 140th Street,14627,NA,King County,Washington
3211000190,98059,310000.0,435000.0,47.4806,-122.163,7,0,0,Vashon Avenue Southeast,263,NA,King County,Washington
2787700630,98059,399000.0,435000.0,47.5078,-122.161,7,0,0,Anacortes Avenue Northeast,1733,NA,King County,Washington
1081330210,98059,410000.0,435000.0,47.469,-122.121,8,0,0,164th Place Southeast,14917,NA,King County,Washington
1523059103,98059,390000.0,435000.0,47.4833,-122.157,7,0,0,Duvall Avenue Northeast,109,NA,King County,Washington
3793700210,98059,299000.0,435000.0,47.4818,-122.094,7,0,0,Southeast 135th Street,18438,NA,King County,Washington
3449000060,98059,320000.0,435000.0,47.5022,-122.145,7,0,0,Southeast 113th Street,14610,NA,King County,Washington
2258500049,98122,469000.0,572000.0,47.609,-122.307,6,0,0,East Columbia Street,1911,Seattle,King County,Washington
9818700430,98122,421500.0,572000.0,47.6051,-122.298,7,0,0,27th Avenue,327,Seattle,King County,Washington
1186000150,98122,563250.0,572000.0,47.6157,-122.291,7,0,0,32nd Avenue,1612,Seattle,King County,Washington
7942600975,98122,505000.0,572000.0,47.6054,-122.314,7,0,0,14th Avenue,414,Seattle,King County,Washington
9818700455,98122,518000.0,572000.0,47.6048,-122.298,8,0,0,27th Avenue,315,Seattle,King County,Washington
3253500160,98144,317625.0,450000.0,47.5747,-122.304,7,0,0,22nd Avenue South,3214,Seattle,King County,Washington
9834200885,98144,360000.0,450000.0,47.572,-122.29,7,0,0,34th Avenue South,3415,Seattle,King County,Washington
5393601050,98144,445000.0,450000.0,47.5834,-122.307,7,0,0,South Walker Street,1923,Seattle,King County,Washington
7319900345,98144,438500.0,450000.0,47.5772,-122.307,7,0,0,20th Avenue South,2919,Seattle,King County,Washington
1250201130,98144,410000.0,450000.0,47.5972,-122.296,7,0,0,28th Avenue South,524,Seattle,King County,Washington
1250201194,98144,449000.0,450000.0,47.5976,-122.295,7,0,0,29th Avenue South,515,Seattle,King County,Washington
3644100072,98144,245000.0,450000.0,47.5918,-122.295,6,0,0,29th Avenue South,1310,Seattle,King County,Washington
3644100030,98144,432500.0,450000.0,47.5917,-122.296,7,0,0,Bradner Place South,1316,Seattle,King County,Washington
9834200305,98144,350000.0,450000.0,47.575,-122.288,7,0,0,36th Avenue South,3205,Seattle,King County,Washington
3644100073,98144,245000.0,450000.0,47.5918,-122.295,6,0,0,29th Avenue South,1310,Seattle,King County,Washington
4395600060,98004,935000.0,1150000.0,47.6132,-122.21,9,0,0,Northeast 1st Street,9730,Bellevue,King County,Washington
824059083,98004,993000.0,1150000.0,47.5892,-122.203,8,0,0,104th Avenue Southeast,2399,Bellevue,King County,Washington
824059277,98004,985000.0,1150000.0,47.582,-122.194,8,0,0,110th Avenue Southeast,3183,Bellevue,King County,Washington
4389201021,98004,1014250.0,1150000.0,47.6169,-122.212,6,0,0,96th Avenue Northeast,738,Bellevue,King County,Washington
686900030,98004,999950.0,1150000.0,47.6354,-122.196,8,0,0,108th Avenue Northeast,2798,Bellevue,King County,Washington
6669000070,98004,1000000.0,1150000.0,47.6273,-122.194,9,0,0,Northeast 19th Place,10854,Bellevue,King County,Washington
3860900111,98004,695000.0,1150000.0,47.5945,-122.201,8,0,0,104th Avenue Southeast,1880,Bellevue,King County,Washington
629000410,98004,915000.0,1150000.0,47.5862,-122.202,7,0,0,Southeast 27th Street,10427,NA,King County,Washington
629000704,98004,1000000.0,1150000.0,47.5849,-122.198,8,0,0,106th Place Southeast,2833,NA,King County,Washington
6664000130,98004,635250.0,1150000.0,47.5904,-122.194,8,0,0,109th Avenue Southeast,2204,Bellevue,King County,Washington
4389200761,98004,1100000.0,1150000.0,47.6155,-122.21,7,0,0,98th Avenue Northeast,432,Bellevue,King County,Washington
514500090,98005,550000.0,765475.0,47.5877,-122.157,7,0,0,Southeast 26th Street,13633,Bellevue,King County,Washington
9541800075,98005,685650.0,765475.0,47.5919,-122.175,8,0,0,123rd Avenue Southeast,2076,Bellevue,King County,Washington
2330000035,98005,710000.0,765475.0,47.6118,-122.169,8,0,0,Northeast 2nd Street,12833,Bellevue,King County,Washington
9542400010,98005,745000.0,765475.0,47.5968,-122.174,9,0,0,Southeast 19th Street,NA,Bellevue,King County,Washington
5307100280,98005,680000.0,765475.0,47.5849,-122.169,7,0,0,Southeast 29th Street,12804,Bellevue,King County,Washington
3191000240,98034,400000.0,445975.0,47.7146,-122.217,6,0,0,93rd Place Northeast,12632,NA,King County,Washington
9477100060,98034,445950.0,445975.0,47.7321,-122.195,7,0,0,109th Avenue Northeast,14366,NA,King County,Washington
9477001280,98034,425000.0,445975.0,47.7357,-122.193,7,0,0,Juanita-Woodinville Way Northeast,NA,NA,King County,Washington
3303230110,98034,424000.0,445975.0,47.7271,-122.196,7,0,0,109th Avenue Northeast,14048,NA,King County,Washington
1853200080,98034,350000.0,445975.0,47.7119,-122.23,6,0,0,84th Avenue Northeast,12411,NA,King County,Washington
1138000250,98034,350000.0,445975.0,47.7141,-122.213,7,0,0,Northeast 127th Place,9753,NA,King County,Washington
8835200330,98034,399950.0,445975.0,47.723,-122.162,7,0,0,134th Court Northeast,13631,NA,King County,Washington
7696300180,98034,410000.0,445975.0,47.7306,-122.233,7,0,0,81st Avenue Northeast,14232,NA,King County,Washington
1049010050,98034,386100.0,445975.0,47.7381,-122.179,7,0,0,122nd Court Northeast,15118,NA,King County,Washington
9477000650,98034,397000.0,445975.0,47.7351,-122.189,7,0,0,114th Avenue Northeast,14720,NA,King County,Washington
7527200030,98075,700000.0,739999.0,47.5896,-122.083,8,1,0,192nd Avenue Southeast,2190,NA,King County,Washington
8099900260,98075,544500.0,739999.0,47.5816,-122.0,7,0,0,255th Avenue Southeast,3073,NA,King County,Washington
1024069037,98075,525000.0,739999.0,47.5821,-122.016,7,0,0,Southeast 30th Street,24275,NA,King County,Washington
3570000160,98075,610000.0,739999.0,47.593,-122.054,8,0,0,Southeast 19th Street,21301,NA,King County,Washington
1024069063,98075,620000.0,739999.0,47.5832,-122.02,7,0,0,Southeast 30th Street,23962,NA,King County,Washington
952002765,98116,460000.0,562750.0,47.5654,-122.384,7,0,0,41st Avenue Southwest,4138,Seattle,King County,Washington
2313900560,98116,554000.0,562750.0,47.573,-122.383,7,0,0,40th Avenue Southwest,3403,Seattle,King County,Washington
6384500581,98116,555000.0,562750.0,47.5688,-122.397,7,0,0,51st Avenue Southwest,3850,Seattle,King County,Washington
585000008,98116,460000.0,562750.0,47.5828,-122.395,7,0,0,Southwest Prince Street,5012,Seattle,King County,Washington
6385000025,98116,521450.0,562750.0,47.5713,-122.397,7,0,0,51st Avenue Southwest,3626,Seattle,King County,Washington
513000445,98116,554950.0,562750.0,47.5758,-122.382,7,0,0,Southwest Hanford Street,3908,Seattle,King County,Washington
3389900800,98116,395000.0,562750.0,47.5628,-122.391,7,0,0,Southwest Oregon Street,4609,Seattle,King County,Washington
324000370,98116,502000.0,562750.0,47.5719,-122.385,7,0,0,41st Avenue Southwest,3441,Seattle,King County,Washington
7905200230,98116,330000.0,562750.0,47.571,-122.391,7,0,0,46th Avenue Southwest,3639,Seattle,King County,Washington
952001765,98116,558000.0,562750.0,47.5668,-122.384,6,0,0,41st Avenue Southwest,4050,Seattle,King County,Washington
7579200715,98116,400000.0,562750.0,47.5586,-122.383,6,0,0,40th Avenue Southwest,4823,Seattle,King County,Washington
9278200095,98116,465000.0,562750.0,47.5751,-122.393,6,0,0,48th Avenue Southwest,3224,Seattle,King County,Washington
8100000090,98010,256000.0,360000.0,47.3126,-122.023,7,0,0,Sunny Lane,32214,NA,King County,Washington
844001140,98010,206000.0,360000.0,47.3106,-121.999,5,0,0,Lawson Street,25724,NA,King County,Washington
844000425,98010,199999.0,360000.0,47.3091,-122.006,5,0,0,1st Avenue,32614,NA,King County,Washington
3622069050,98010,212644.0,360000.0,47.3531,-121.982,5,0,0,Southeast Ravensdale Way,26916,NA,King County,Washington
3222079136,98010,213000.0,360000.0,47.3492,-121.935,7,0,0,307th Avenue Southeast,28125,NA,King County,Washington
421069081,98010,337000.0,360000.0,47.3326,-122.046,7,0,0,224th Avenue Southeast,30033,NA,King County,Washington
3332500265,98118,311000.0,367638.5,47.5496,-122.279,6,0,0,South Juneau Street,4241,Seattle,King County,Washington
7129302615,98118,292000.0,367638.5,47.5157,-122.256,8,0,0,South Pilgrim Street,6111,Seattle,King County,Washington
323049148,98118,319000.0,367638.5,47.5162,-122.274,7,0,0,South Roxbury Street,4601,Seattle,King County,Washington
6882510020,98118,340000.0,367638.5,47.5298,-122.28,7,0,0,South Elmgrove Street,4209,Seattle,King County,Washington
3336001470,98118,311000.0,367638.5,47.5255,-122.265,7,0,0,Wabash Avenue South,8659,Seattle,King County,Washington
3904100220,98118,276000.0,367638.5,47.5317,-122.276,7,0,0,South Kenyon Street,4452,Seattle,King County,Washington
3330500925,98118,258305.0,367638.5,47.5518,-122.277,5,0,0,South Findlay Street,4521,Seattle,King County,Washington
2658000215,98118,207000.0,367638.5,47.5298,-122.271,6,0,0,50th Avenue South,8113,Seattle,King County,Washington
2123700100,98118,353000.0,367638.5,47.5271,-122.274,7,0,0,47th Avenue South,8421,Seattle,King County,Washington
3419600125,98118,245000.0,367638.5,47.5276,-122.274,6,0,0,47th Avenue South,8411,Seattle,King County,Washington
7338401230,98118,285000.0,367638.5,47.5332,-122.29,6,0,0,South Portland Street,3218,Seattle,King County,Washington
6882510060,98118,365000.0,367638.5,47.5303,-122.28,7,0,0,South Elmgrove Street,4226,Seattle,King County,Washington
8113101000,98118,336000.0,367638.5,47.5486,-122.278,6,0,0,44th Avenue South,5958,Seattle,King County,Washington
3331001165,98118,305000.0,367638.5,47.5514,-122.284,6,0,0,South Orcas Street,3822,Seattle,King County,Washington
7129304225,98118,305000.0,367638.5,47.5183,-122.266,7,0,0,53rd Avenue South,9320,Seattle,King County,Washington
7129302185,98118,290000.0,367638.5,47.5149,-122.257,6,0,0,61st Avenue South,9720,Seattle,King County,Washington
2589300065,98118,329900.0,367638.5,47.5362,-122.271,7,0,0,Rainier Avenue South,7325,Seattle,King County,Washington
7562100065,98118,260000.0,367638.5,47.5276,-122.273,6,0,0,48th Avenue South,8411,Seattle,King County,Washington
7129303180,98118,310000.0,367638.5,47.5181,-122.257,6,1,0,South Redwing Street,6051,Seattle,King County,Washington
3031200120,98118,255000.0,367638.5,47.5372,-122.289,6,0,0,South Othello Street,3316,Seattle,King County,Washington
6821102100,98199,510000.0,689800.0,47.6493,-122.398,6,0,0,32nd Avenue West,3218,Seattle,King County,Washington
1370803820,98199,629000.0,689800.0,47.6408,-122.403,7,0,0,Piedmont Place West,2445,Seattle,King County,Washington
6821100090,98199,557800.0,689800.0,47.6567,-122.399,7,0,0,33rd Avenue West,4026,Seattle,King County,Washington
3271300955,98199,554729.0,689800.0,47.6503,-122.41,9,0,0,West Bertona Street,4109,Seattle,King County,Washington
6822100310,98199,685000.0,689800.0,47.6495,-122.401,8,0,0,34th Avenue West,3223,Seattle,King County,Washington
6822100030,98199,589000.0,689800.0,47.6496,-122.403,7,0,0,35th Avenue West,3229,Seattle,King County,Washington
8127700210,98199,600000.0,689800.0,47.6419,-122.394,7,0,0,29th Avenue West,2526,Seattle,King County,Washington
2771104010,98199,529999.0,689800.0,47.6456,-122.383,8,0,0,21st Avenue West,2826,Seattle,King County,Washington
7010701383,98199,680000.0,689800.0,47.6599,-122.396,7,0,0,30th Avenue West,4350,Seattle,King County,Washington
3686900025,98032,249000.0,250000.0,47.3769,-122.234,6,0,0,West Crow Street,218,NA,King County,Washington
6146600185,98032,160000.0,250000.0,47.3877,-122.234,6,0,0,1st Avenue North,733,NA,King County,Washington
8857600220,98032,178500.0,250000.0,47.3864,-122.287,7,0,0,South 240th Street,3545,NA,King County,Washington
9407001860,98045,372000.0,410000.0,47.4487,-121.772,7,0,0,426th Place Southeast,16801,NA,King County,Washington
9407001340,98045,320000.0,410000.0,47.4456,-121.773,7,0,0,426th Avenue Southeast,17198,NA,King County,Washington
7334500120,98045,240000.0,410000.0,47.4648,-121.757,7,0,0,Southeast 150th Street,43736,NA,King County,Washington
9407001320,98045,295000.0,410000.0,47.4462,-121.773,7,0,0,426th Avenue Southeast,17158,NA,King County,Washington
626100023,98077,600000.0,654950.0,47.7201,-122.062,7,0,0,208th Avenue Northeast,13597,NA,King County,Washington
1626069178,98077,535000.0,654950.0,47.7409,-122.052,7,0,0,Northeast 156th Street,21213,NA,King County,Washington
1771100440,98077,360000.0,654950.0,47.7566,-122.073,7,0,0,197th Place Northeast,17600,NA,King County,Washington
1626069220,98077,562000.0,654950.0,47.7361,-122.046,8,0,0,Northeast 150th Street,21855,NA,King County,Washington
7549802600,98108,335000.0,342500.0,47.55,-122.312,6,0,0,16th Avenue South,5840,Seattle,King County,Washington
7883608693,98108,191000.0,342500.0,47.5269,-122.314,6,0,0,Dallas Avenue South,8519,Seattle,King County,Washington
6082400260,98168,231500.0,235000.0,47.4832,-122.299,7,0,0,South 135th Street,2612,NA,King County,Washington
795000820,98168,220000.0,235000.0,47.5033,-122.329,6,0,0,South 112th Street,316,Seattle,King County,Washington
179000100,98168,174000.0,235000.0,47.4927,-122.28,6,0,0,42nd Avenue South,12258,NA,King County,Washington
1446403305,98168,206000.0,235000.0,47.4882,-122.325,6,0,0,7th Avenue South,12807,NA,King County,Washington
1446404015,98168,200000.0,235000.0,47.4878,-122.324,6,0,0,8th Avenue South,12901,NA,King County,Washington
1623049145,98168,210000.0,235000.0,47.4885,-122.298,6,0,0,South 128th Street,2643,NA,King County,Washington
8018600980,98168,187250.0,235000.0,47.4939,-122.318,6,0,0,12th Avenue South,12214,NA,King County,Washington
7279300070,98177,345500.0,554000.0,47.7612,-122.362,6,0,0,Northwest 182nd Street,378,NA,King County,Washington
1124000050,98177,461000.0,554000.0,47.7181,-122.371,7,0,0,11th Avenue Northwest,12203,Seattle,King County,Washington
259100110,98177,540000.0,554000.0,47.7602,-122.363,8,0,0,Northwest 181st Street,400,NA,King County,Washington
3626039207,98177,522500.0,554000.0,47.7049,-122.359,7,0,0,Northwest 105th Street,119,Seattle,King County,Washington
3904910050,98029,515000.0,575000.0,47.5688,-122.019,8,0,0,243rd Avenue Southeast,3611,NA,King County,Washington
6073200075,98006,625000.0,760369.0,47.5724,-122.179,7,0,0,Southeast 42nd Street,12115,Bellevue,King County,Washington
6067910030,98006,664000.0,760369.0,47.5427,-122.181,8,0,0,119th Place Southeast,6854,Bellevue,King County,Washington
6067900060,98006,565000.0,760369.0,47.5433,-122.185,8,0,0,117th Avenue Southeast,6605,Bellevue,King County,Washington
6072100140,98006,500000.0,760369.0,47.545,-122.171,8,0,0,Southeast 65th Street,NA,Bellevue,King County,Washington
2024059084,98006,625000.0,760369.0,47.5515,-122.189,7,2,0,Lake Washington Boulevard Southeast,5848,Bellevue,King County,Washington
2206700295,98006,453000.0,760369.0,47.5637,-122.139,7,0,0,Southeast 46th Street,15053,Bellevue,King County,Washington
6071700160,98006,603500.0,760369.0,47.549,-122.173,8,0,0,Southeast 61st Street,12596,Bellevue,King County,Washington
2202500110,98006,430000.0,760369.0,47.5732,-122.136,7,0,0,153rd Avenue Southeast,4070,Bellevue,King County,Washington
6072100490,98006,527500.0,760369.0,47.5448,-122.174,8,0,0,Southeast 65th Street,12514,Bellevue,King County,Washington
6072400820,98006,525000.0,760369.0,47.5569,-122.176,8,0,0,123rd Avenue Southeast,5101,Bellevue,King County,Washington
8562800250,98006,596000.0,760369.0,47.5599,-122.142,8,0,0,Southeast 47th Place,14916,Bellevue,King County,Washington
6072760670,98006,652450.0,760369.0,47.563,-122.178,8,0,0,121st Avenue Southeast,4613,Bellevue,King County,Washington
643300010,98006,365000.0,760369.0,47.5683,-122.178,7,0,0,Southeast 44th Place,12128,Bellevue,King County,Washington
6072500050,98006,560000.0,760369.0,47.5456,-122.179,8,0,0,121st Avenue Southeast,6311,Bellevue,King County,Washington
9346910500,98006,700000.0,760369.0,47.5627,-122.137,8,0,0,Southeast 46th Way,15166,Bellevue,King County,Washington
6073200020,98006,485000.0,760369.0,47.5728,-122.179,7,0,0,Southeast 42nd Street,12114,Bellevue,King County,Washington
2206700215,98006,375000.0,760369.0,47.566,-122.14,7,0,0,Southeast 45th Street,15001,Bellevue,King County,Washington
2206700215,98006,550000.0,760369.0,47.566,-122.14,7,0,0,Southeast 45th Street,15001,Bellevue,King County,Washington
2141310820,98006,689000.0,760369.0,47.559,-122.136,8,0,0,Southeast 48th Street,NA,Bellevue,King County,Washington
1777600230,98006,610000.0,760369.0,47.5694,-122.132,8,0,0,Southeast 43rd Street,15514,Bellevue,King County,Washington
2141300620,98006,550000.0,760369.0,47.5582,-122.139,8,0,0,151st Avenue Southeast,4888,Bellevue,King County,Washington
6071300030,98006,464500.0,760369.0,47.5531,-122.177,7,0,0,119th Avenue Southeast,5464,Bellevue,King County,Washington
2206700070,98006,435000.0,760369.0,47.567,-122.139,7,0,0,Southeast 44th Place,15062,Bellevue,King County,Washington
2204500550,98006,425000.0,760369.0,47.5729,-122.147,7,0,0,Southeast Allen Road,NA,Bellevue,King County,Washington
2600110560,98006,750000.0,760369.0,47.5515,-122.153,8,0,0,140th Place Southeast,5601,Bellevue,King County,Washington
2824059128,98006,510000.0,760369.0,47.5421,-122.172,7,0,0,127th Place Southeast,6601,Bellevue,King County,Washington
6071400710,98006,648000.0,760369.0,47.553,-122.174,8,0,0,125th Avenue Southeast,5586,Bellevue,King County,Washington
6071000310,98006,622000.0,760369.0,47.56,-122.181,8,0,0,Southeast 49th Place,11832,Bellevue,King County,Washington
4036100175,98006,689000.0,760369.0,47.5606,-122.184,8,0,0,Southeast 48th Street,11715,Bellevue,King County,Washington
1777600210,98006,590000.0,760369.0,47.5698,-122.132,8,0,0,155th Place Southeast,4224,Bellevue,King County,Washington
6072000910,98006,480000.0,760369.0,47.5479,-122.179,8,0,0,121st Avenue Southeast,6119,Bellevue,King County,Washington
2204500480,98006,551100.0,760369.0,47.572,-122.147,7,0,0,Southeast 42nd Street,14450,Bellevue,King County,Washington
6072400280,98006,619850.0,760369.0,47.5602,-122.176,8,0,0,Southeast 47th Place,12267,Bellevue,King County,Washington
2211700290,98006,538000.0,760369.0,47.565,-122.116,7,0,0,Southeast 45th Street,16785,Bellevue,King County,Washington
2201500680,98006,501000.0,760369.0,47.5718,-122.136,7,0,0,Southeast 42nd Street,15352,Bellevue,King County,Washington
2141320230,98006,710000.0,760369.0,47.5584,-122.137,8,0,0,Southeast 48th Street,NA,Bellevue,King County,Washington
1951800580,98006,590000.0,760369.0,47.5403,-122.168,8,0,0,129th Place Southeast,6998,Bellevue,King County,Washington
4139660040,98006,760000.0,760369.0,47.5501,-122.128,10,0,0,Southeast 59th Place,15891,Bellevue,King County,Washington
2205700180,98006,545000.0,760369.0,47.5754,-122.15,7,0,0,142nd Place Southeast,3848,Bellevue,King County,Washington
2024059059,98006,693000.0,760369.0,47.5538,-122.191,8,2,0,Lake Washington Boulevard Southeast,5597,Bellevue,King County,Washington
6071200455,98006,550000.0,760369.0,47.5531,-122.181,8,0,0,Southeast 56th Street,11819,Bellevue,King County,Washington
1777600900,98006,710000.0,760369.0,47.5678,-122.128,8,0,0,Southeast 43rd Place,15866,Bellevue,King County,Washington
809002435,98109,725000.0,736000.0,47.6372,-122.352,7,0,0,3rd Avenue North,2023,Seattle,King County,Washington
5244801275,98109,410500.0,736000.0,47.6436,-122.352,6,0,0,3rd Avenue North,2609,Seattle,King County,Washington
1929300415,98109,710000.0,736000.0,47.6428,-122.348,7,3,0,5th Avenue North,2568,Seattle,King County,Washington
5437820310,98022,218000.0,280000.0,47.1951,-122.001,6,0,0,Harmony Lane,506,NA,King County,Washington
1917300260,98022,210000.0,280000.0,47.2105,-121.989,6,0,0,Davis Avenue,1516,NA,King County,Washington
7710100083,98022,225000.0,280000.0,47.2093,-122.0,6,0,0,Garfield Street,1931,NA,King County,Washington
5706500140,98022,205500.0,280000.0,47.2113,-121.992,6,0,0,Wilson Avenue,1811,NA,King County,Washington
8005100025,98022,195000.0,280000.0,47.2052,-121.987,6,0,0,Washington Avenue,1108,NA,King County,Washington
5602000025,98022,251000.0,280000.0,47.206,-121.998,6,0,0,Pioneer Street,1560,NA,King County,Washington
2320069206,98022,219000.0,280000.0,47.2092,-121.997,6,0,0,Lafromboise Street,1926,NA,King County,Washington
853000261,98022,197500.0,280000.0,47.2053,-121.993,7,0,0,Griffin Avenue,1529,NA,King County,Washington
5595900280,98022,235000.0,280000.0,47.2046,-121.996,7,0,0,Lafromboise Street,1449,NA,King County,Washington
2372800050,98022,220000.0,280000.0,47.201,-121.999,7,2,0,Harding Street,1122,NA,King County,Washington
5602000275,98022,259950.0,280000.0,47.2056,-121.999,7,0,0,Harding Street,1522,NA,King County,Washington
8005100540,98022,215000.0,280000.0,47.2077,-121.993,8,0,0,Washington Avenue,1730,NA,King County,Washington
1645000710,98022,255000.0,280000.0,47.2098,-122.004,7,0,0,McKinley Street,1964,NA,King County,Washington
2220069196,98022,253500.0,280000.0,47.2063,-122.023,6,0,0,239th Place Southeast,44019,NA,King County,Washington
5602000105,98022,265000.0,280000.0,47.2048,-121.999,7,0,0,Harding Street,1456,NA,King County,Washington
5595900316,98022,231000.0,280000.0,47.205,-121.996,6,0,0,Lafromboise Street,1469,NA,King County,Washington
2372800145,98022,219950.0,280000.0,47.2005,-121.999,7,0,0,Harding Street,1078,NA,King County,Washington
5595900210,98022,195000.0,280000.0,47.205,-121.995,6,0,0,Division Street,1486,NA,King County,Washington
1320069249,98022,192500.0,280000.0,47.2163,-121.984,5,2,0,268th Avenue Southeast,42918,NA,King County,Washington
2420069242,98022,175000.0,280000.0,47.2088,-121.992,6,0,0,Park Street,2025,NA,King County,Washington
8091600080,98022,225000.0,280000.0,47.2051,-122.006,6,0,0,Semanski Street,1490,NA,King County,Washington
2420069268,98022,184900.0,280000.0,47.2064,-121.988,6,0,0,Wells Street,1931,NA,King County,Washington
920069052,98022,243950.0,280000.0,47.2411,-122.043,6,0,0,228th Way Southeast,40202,NA,King County,Washington
2372800100,98022,245000.0,280000.0,47.2012,-122.0,7,0,0,Garfield Street,1135,NA,King County,Washington
9170500060,98033,649000.0,678000.0,47.693,-122.168,8,0,0,Northeast 104th Street,12855,NA,King County,Washington
1235700042,98033,537000.0,678000.0,47.6973,-122.194,7,0,0,Northeast 108th Street,11004,NA,King County,Washington
4151800470,98033,675000.0,678000.0,47.6652,-122.202,6,0,0,103rd Avenue Northeast,6526,NA,King County,Washington
3699100130,98033,495000.0,678000.0,47.7001,-122.2,7,0,0,Northeast 112th Street,10455,NA,King County,Washington
3039000050,98033,575000.0,678000.0,47.7024,-122.198,7,0,0,107th Place Northeast,11410,NA,King County,Washington
3885805640,98033,625000.0,678000.0,47.6821,-122.196,7,0,0,9th Avenue,619,NA,King County,Washington
3759500006,98033,610000.0,678000.0,47.6988,-122.202,8,0,0,Northeast 110th Street,10410,NA,King County,Washington
3226059071,98033,426000.0,678000.0,47.7006,-122.197,7,0,0,108th Avenue Northeast,11204,NA,King County,Washington
325059126,98033,565000.0,678000.0,47.6893,-122.164,7,0,0,Northeast 100th Street,13205,NA,King County,Washington
3900500110,98033,627000.0,678000.0,47.6727,-122.174,7,0,0,124th Place Northeast,7528,NA,King County,Washington
6743700015,98033,392800.0,678000.0,47.6955,-122.175,7,0,0,124th Avenue Northeast,10616,NA,King County,Washington
1088020070,98033,645000.0,678000.0,47.6678,-122.182,8,0,0,119th Avenue Northeast,6905,NA,King County,Washington
925059219,98033,664000.0,678000.0,47.6651,-122.174,8,0,0,Northeast 65th Lane,12416,NA,King County,Washington
3902310210,98033,610000.0,678000.0,47.6909,-122.186,8,0,0,116th Avenue Northeast,10046,NA,King County,Washington
1087900050,98033,560000.0,678000.0,47.6616,-122.175,7,0,0,123rd Avenue Northeast,6110,NA,King County,Washington
2128000050,98033,625000.0,678000.0,47.697,-122.169,8,0,0,Northeast 108th Place,12821,NA,King County,Washington
7424600020,98033,620000.0,678000.0,47.6856,-122.168,7,0,0,Northeast 94th Street,12838,NA,King County,Washington
7420200050,98033,623000.0,678000.0,47.6908,-122.169,8,0,0,Northeast 101st Place,12833,NA,King County,Washington
1236300307,98033,565000.0,678000.0,47.6863,-122.189,7,0,0,Northeast 95th Street,11235,NA,King County,Washington
3888100029,98033,475300.0,678000.0,47.688,-122.168,7,0,0,130th Avenue Northeast,9719,NA,King County,Washington
5212000020,98033,630100.0,678000.0,47.6999,-122.2,7,0,0,105th Avenue Northeast,11128,NA,King County,Washington
2128000180,98033,600000.0,678000.0,47.6976,-122.169,8,0,0,Northeast 108th Place,12820,NA,King County,Washington
3500100226,98155,340895.0,375000.0,47.734,-122.301,7,0,0,Northeast 145th Street,2527,Seattle,King County,Washington
7304300570,98155,366500.0,375000.0,47.7416,-122.32,7,0,0,Northeast 155th Street,876,NA,King County,Washington
3971700940,98155,330000.0,375000.0,47.772,-122.322,7,0,0,Northeast 198th Street,753,NA,King County,Washington
6163901751,98155,291500.0,375000.0,47.7494,-122.319,6,0,0,10th Avenue Northeast,16613,NA,King County,Washington
1568100215,98155,315000.0,375000.0,47.7352,-122.295,6,0,0,31st Avenue Northeast,14584,NA,King County,Washington
411100020,98155,310000.0,375000.0,47.7407,-122.327,7,0,0,2nd Avenue Northeast,15401,NA,King County,Washington
4024101434,98155,318000.0,375000.0,47.7601,-122.307,6,0,0,Northeast 182nd Court,2499,NA,King County,Washington
6163901381,98155,295000.0,375000.0,47.7548,-122.316,6,0,0,12th Avenue Northeast,NA,NA,King County,Washington
1568100225,98155,343000.0,375000.0,47.7349,-122.295,6,0,0,31st Avenue Northeast,14564,NA,King County,Washington
6668900005,98155,266000.0,375000.0,47.7492,-122.311,6,0,0,Northeast 166th Street,1593,NA,King County,Washington
7305300090,98155,338000.0,375000.0,47.7557,-122.328,6,0,0,Northeast 175th Street,211,NA,King County,Washington
3995700325,98155,275000.0,375000.0,47.7406,-122.302,6,0,0,25th Avenue Northeast,15454,NA,King County,Washington
3738900105,98155,350000.0,375000.0,47.7359,-122.306,6,0,0,22nd Avenue Northeast,14716,NA,King County,Washington
6163900971,98155,352450.0,375000.0,47.7564,-122.316,7,0,0,12th Avenue Northeast,17516,NA,King County,Washington
4024101395,98155,370000.0,375000.0,47.7596,-122.304,7,0,0,25th Avenue Northeast,17987,NA,King County,Washington
6163901061,98155,329000.0,375000.0,47.7538,-122.322,7,0,0,8th Avenue Northeast,17057,NA,King County,Washington
7304300430,98155,364000.0,375000.0,47.7429,-122.321,6,0,0,8th Avenue Northeast,15560,NA,King County,Washington
3500100015,98155,327500.0,375000.0,47.7366,-122.302,6,0,0,25th Avenue Northeast,14817,NA,King County,Washington
6163901380,98155,244000.0,375000.0,47.755,-122.316,6,0,0,12th Avenue Northeast,NA,NA,King County,Washington
1568100220,98155,350000.0,375000.0,47.7351,-122.295,7,0,0,31st Avenue Northeast,14578,NA,King County,Washington
1387301360,98011,411800.0,470000.0,47.7367,-122.195,7,0,0,Northeast 151st Street,10911,NA,King County,Washington
6204200590,98011,410000.0,470000.0,47.7336,-122.202,7,0,0,104th Avenue Northeast,14511,NA,King County,Washington
8096600100,98011,455000.0,470000.0,47.7675,-122.226,7,0,0,86th Avenue Northeast,19057,NA,King County,Washington
7016100120,98011,440000.0,470000.0,47.7382,-122.182,7,0,0,Northeast 153rd Place,11931,NA,King County,Washington
3387900390,98031,255000.0,288000.0,47.3969,-122.198,7,0,0,108th Avenue Southeast,22813,NA,King County,Washington
3110800260,98031,274700.0,288000.0,47.4142,-122.179,7,0,0,Southeast 210th Street,12045,NA,King County,Washington
2796100160,98031,250000.0,288000.0,47.4081,-122.178,7,0,0,Southeast 217th Street,12206,NA,King County,Washington
1761300850,98031,271000.0,288000.0,47.3967,-122.174,7,0,0,126th Avenue Southeast,22904,NA,King County,Washington
8802400896,98031,204995.0,288000.0,47.4025,-122.201,6,0,0,104th Place Southeast,22218,NA,King County,Washington
2212200100,98031,229950.0,288000.0,47.3942,-122.189,7,0,0,114th Place Southeast,23225,NA,King County,Washington
1761300340,98031,251750.0,288000.0,47.3947,-122.174,7,0,0,Southeast 232nd Street,12526,NA,King County,Washington
1355000220,98031,243000.0,288000.0,47.4135,-122.18,7,0,0,Southeast 210th Place,12017,NA,King County,Washington
3388000040,98031,260000.0,288000.0,47.3943,-122.196,7,0,0,Southeast 232nd Street,10825,NA,King County,Washington
6457000080,98031,269900.0,288000.0,47.4007,-122.198,7,0,0,Southeast 224th Place,10715,NA,King County,Washington
3298700125,98106,280000.0,315000.0,47.5232,-122.354,6,0,0,15th Avenue Southwest,8851,Seattle,King County,Washington
4302200336,98106,300000.0,315000.0,47.5256,-122.357,6,0,0,17th Avenue Southwest,8635,Seattle,King County,Washington
2113701080,98106,300000.0,315000.0,47.5296,-122.351,6,0,0,12th Avenue Southwest,8113,Seattle,King County,Washington
3438501662,98106,270000.0,315000.0,47.5456,-122.359,6,0,0,21st Avenue Southwest,6330 B,Seattle,King County,Washington
3438501020,98106,308500.0,315000.0,47.5499,-122.36,6,0,0,21st Avenue Southwest,5903,Seattle,King County,Washington
3438501150,98106,300000.0,315000.0,47.5483,-122.36,6,0,0,21st Avenue Southwest,5965,Seattle,King County,Washington
3876820140,98072,373000.0,515000.0,47.74,-122.173,7,0,0,125th Place Northeast,12504,NA,King County,Washington
1775801090,98072,465000.0,515000.0,47.7415,-122.096,8,0,0,Northeast 156th Street,18190,NA,King County,Washington
9144300120,98072,374500.0,515000.0,47.7619,-122.162,7,0,0,133rd Place Northeast,18501,NA,King County,Washington
5379805460,98188,245000.0,265000.0,47.4488,-122.275,7,0,0,South 172nd Place,4700,NA,King County,Washington
1003600080,98188,245000.0,265000.0,47.4396,-122.285,7,0,0,South 182nd Street,3815,NA,King County,Washington
4435000490,98188,249000.0,265000.0,47.4538,-122.288,7,0,0,35th Avenue South,16627,NA,King County,Washington
7148200040,98188,173000.0,265000.0,47.4413,-122.277,7,0,0,South 181st Street,4514,NA,King County,Washington
1001200050,98188,259000.0,265000.0,47.433,-122.292,7,0,0,33rd Avenue South,18909,NA,King County,Washington
7231502505,98055,220000.0,295000.0,47.4759,-122.208,6,0,0,Burnett Avenue South,518,NA,King County,Washington
6623400193,98055,257000.0,295000.0,47.4299,-122.199,7,0,0,Southeast 192nd Street,10617,NA,King County,Washington
5365200040,98055,235000.0,295000.0,47.4815,-122.226,6,0,0,Southwest Langston Road,616,NA,King County,Washington
7224500010,98055,253000.0,295000.0,47.4906,-122.204,7,0,0,Wells Avenue North,506,NA,King County,Washington
3262301355,98039,1320000.0,1892500.0,47.6304,-122.234,9,0,0,Northeast 22nd Street,7962,NA,King County,Washington
3738000070,98039,1712750.0,1892500.0,47.6176,-122.223,9,0,0,88th Avenue Northeast,800,NA,King County,Washington
